{
  "split": "POC",
  "val_acc": 0.912797281993205,
  "val_macroF1": 0.7101250765613866,
  "per_class": {
    "W": {
      "precision": 0.9979349509550847,
      "recall": 0.9684368737474945,
      "f1": 0.9829646580213659
    },
    "N1": {
      "precision": 0.2473118279569866,
      "recall": 0.39655172413792417,
      "f1": 0.30463576158892686
    },
    "N2": {
      "precision": 0.813397129186599,
      "recall": 0.6799999999999973,
      "f1": 0.7407407407402414
    },
    "N3": {
      "precision": 0.8591549295774608,
      "recall": 0.831818181818178,
      "f1": 0.8452655889140459
    },
    "REM": {
      "precision": 0.553299492385784,
      "recall": 0.8719999999999931,
      "f1": 0.6770186335398934
    }
  }
}