{
  "split": "5fold-CV",
  "summary": {
    "cv_folds": 5,
    "acc_mean": 0.9218868500510233,
    "acc_std": 0.016928367011822088,
    "macroF1_mean": 0.7768265348771892,
    "macroF1_std": 0.045237734153814387,
    "kappa_mean": 0.8430069198376444,
    "kappa_std": 0.04232595155917822
  },
  "per_class": {
    "W": {
      "precision": 0.9980761302734643,
      "recall": 0.9712230215827338,
      "f1": 0.98446649316801
    },
    "N1": {
      "precision": 0.2970419063270336,
      "recall": 0.5830645161290319,
      "f1": 0.3935764833963953
    },
    "N2": {
      "precision": 0.8769410391126676,
      "recall": 0.8164130434782607,
      "f1": 0.8455952716009639
    },
    "N3": {
      "precision": 0.7769452449567721,
      "recall": 0.9043944984904392,
      "f1": 0.8358394047429532
    },
    "REM": {
      "precision": 0.8241787829833062,
      "recall": 0.8149627263045791,
      "f1": 0.8195448460503699
    }
  },
  "notes": "2-ch EEG (Fpz-Cz,Pz-Oz); 0.3\u201340 Hz; 30s epochs; HMM alpha_stay=0.88"
}