{
  "split": "5fold-CV",
  "summary": {
    "cv_folds": 5,
    "acc_mean": 0.9219780258553802,
    "acc_std": 0.016774993340699058,
    "macroF1_mean": 0.7761327125225322,
    "macroF1_std": 0.046474683561124726,
    "kappa_mean": 0.8431178834539358,
    "kappa_std": 0.04210145634178582
  },
  "per_class": {
    "W": {
      "precision": 0.9981049162318044,
      "recall": 0.9719183760798052,
      "f1": 0.9848376038260065
    },
    "N1": {
      "precision": 0.29880805589806814,
      "recall": 0.5862903225806447,
      "f1": 0.39586169343815863
    },
    "N2": {
      "precision": 0.8759345794392521,
      "recall": 0.8149999999999998,
      "f1": 0.8443693693688697
    },
    "N3": {
      "precision": 0.7749066896353716,
      "recall": 0.9054008721905398,
      "f1": 0.8350866336628691
    },
    "REM": {
      "precision": 0.8272677892449753,
      "recall": 0.810969116080937,
      "f1": 0.8190373756381124
    }
  },
  "notes": "2-ch EEG (Fpz-Cz,Pz-Oz); 0.3\u201340 Hz; 30s epochs; HMM alpha_stay=0.88"
}